<?xml version="1.0" encoding="UTF-8"?>
<beans xmlns="http://www.springframework.org/schema/beans"
	xmlns:xsi="http://www.w3.org/2001/XMLSchema-instance"
	xmlns:p="http://www.springframework.org/schema/p"
	xsi:schemaLocation="http://www.springframework.org/schema/beans 
	http://www.springframework.org/schema/beans/spring-beans.xsd">
	
	
	<bean id="collectionBean" class="com.springbook.ioc.injection.CollectionBean">
	<property name="addressList">
		<props>
		<prop key="고길동">서울시 강남구</prop>
		<prop key="마이콜">안산시 상록구</prop>
		</props>
	</property>
	</bean>
</beans>

